49,Araria ,Araria Sadar Hospital DH,"Araria Sadar Hospital DH, Araria "
50,Araria ,Araria Sadar PHC,"Araria Sadar PHC, Araria "
51,Araria ,Bhargama PHC,"Bhargama PHC, Araria "
52,Araria ,Forbesganj SDH,"Forbesganj SDH, Araria "
53,Araria ,Jokihat Referral Hospital,"Jokihat Referral Hospital, Araria "
54,Araria ,Kursakata PHC,"Kursakata PHC, Araria "
55,Araria ,Nartpatganj PHC,"Nartpatganj PHC, Araria "
56,Araria ,Palasi PHC,"Palasi PHC, Araria "
57,Araria ,Raniganj Referral Hospital,"Raniganj Referral Hospital, Araria "
58,Araria ,Sikti PHC,"Sikti PHC, Araria "
59,Arwal ,Arwal PHC,"Arwal PHC, Arwal "
60,Arwal ,Arwal Sadar Hospital DH,"Arwal Sadar Hospital DH, Arwal "
61,Arwal ,Kaler PHC,"Kaler PHC, Arwal "
62,Arwal ,Karpi PHC,"Karpi PHC, Arwal "
63,Arwal ,Kurtha PHC,"Kurtha PHC, Arwal "
64,Arwal ,Sonbhadra Bansi Suryapur PHC,"Sonbhadra Bansi Suryapur PHC, Arwal "
65,Aurangabad ,Barun PHC,"Barun PHC, Aurangabad "
66,Aurangabad ,Daudnagar PHC,"Daudnagar PHC, Aurangabad "
67,Aurangabad ,Deo PHC,"Deo PHC, Aurangabad "
68,Aurangabad ,Goh PHC,"Goh PHC, Aurangabad "
69,Aurangabad ,Haspura PHC,"Haspura PHC, Aurangabad "
70,Aurangabad ,Aurangabad PHC,"Aurangabad PHC, Aurangabad "
71,Aurangabad ,Kutumba PHC,"Kutumba PHC, Aurangabad "
72,Aurangabad ,Madanpur PHC,"Madanpur PHC, Aurangabad "
73,Aurangabad ,Nabinagar PHC,"Nabinagar PHC, Aurangabad "
74,Aurangabad ,Naughrah APHC,"Naughrah APHC, Aurangabad "
75,Aurangabad ,Obra PHC,"Obra PHC, Aurangabad "
76,Aurangabad ,Rafganj PHC,"Rafganj PHC, Aurangabad "
77,Banka ,Amarpur PHC,"Amarpur PHC, Banka "
78,Banka ,Banka DH,"Banka DH, Banka "
79,Banka ,Banka Sadar PHC,"Banka Sadar PHC, Banka "
80,Banka ,Barahat PHC,"Barahat PHC, Banka "
81,Banka ,Baunsi PHC,"Baunsi PHC, Banka "
82,Banka ,Belhar PHC,"Belhar PHC, Banka "
83,Banka ,Chandan PHC,"Chandan PHC, Banka "
84,Banka ,Dhoraiya PHC,"Dhoraiya PHC, Banka "
85,Banka ,Fullidumar PHC,"Fullidumar PHC, Banka "
86,Banka ,Katoriya RH,"Katoriya RH, Banka "
87,Banka ,Rajoun PHC,"Rajoun PHC, Banka "
88,Banka ,Shambhuganj PHC,"Shambhuganj PHC, Banka "
89,Begusarai ,Bachwara PHC,"Bachwara PHC, Begusarai "
90,Begusarai ,Bakhari PHC,"Bakhari PHC, Begusarai "
91,Begusarai ,Baliya PHC,"Baliya PHC, Begusarai "
92,Begusarai ,Barauni PHC,"Barauni PHC, Begusarai "
93,Begusarai ,Begusarai Sadar PHC,"Begusarai Sadar PHC, Begusarai "
94,Begusarai ,Begusarai Urban UHC,"Begusarai Urban UHC, Begusarai "
95,Begusarai ,Bhagwanpur PHC,"Bhagwanpur PHC, Begusarai "
96,Begusarai ,Birpur PHC,"Birpur PHC, Begusarai "
97,Begusarai ,Cheriya Bariyarpur PHC,"Cheriya Bariyarpur PHC, Begusarai "
98,Begusarai ,Chhurahi PHC,"Chhurahi PHC, Begusarai "
99,Begusarai ,Dandari PHC,"Dandari PHC, Begusarai "
100,Begusarai ,Garhpura PHC,"Garhpura PHC, Begusarai "
101,Begusarai ,Khodawandpur PHC,"Khodawandpur PHC, Begusarai "
102,Begusarai ,Mansoorchak PHC,"Mansoorchak PHC, Begusarai "
103,Begusarai ,Matihani PHC,"Matihani PHC, Begusarai "
104,Begusarai ,Nawkothi PHC,"Nawkothi PHC, Begusarai "
105,Begusarai ,Sahebpur Kamal PHC,"Sahebpur Kamal PHC, Begusarai "
106,Begusarai ,Shamho PHC,"Shamho PHC, Begusarai "
107,Begusarai ,Teghra PHC,"Teghra PHC, Begusarai "
108,Bhagalpur ,Bihpur PHC,"Bihpur PHC, Bhagalpur "
109,Bhagalpur ,Gopalpur PHC,"Gopalpur PHC, Bhagalpur "
110,Bhagalpur ,Goradih PHC,"Goradih PHC, Bhagalpur "
111,Bhagalpur ,Jagdishpur PHC,"Jagdishpur PHC, Bhagalpur "
112,Bhagalpur ,Kahalgaon PHC,"Kahalgaon PHC, Bhagalpur "
113,Bhagalpur ,Kharik PHC,"Kharik PHC, Bhagalpur "
114,Bhagalpur ,Nathnagar PHC,"Nathnagar PHC, Bhagalpur "
115,Bhagalpur ,Jwahar Lal Nehru Medical College Hospital,"Jwahar Lal Nehru Medical College Hospital, Bhagalpur "
116,Bhagalpur ,Narayanpur PHC,"Narayanpur PHC, Bhagalpur "
117,Bhagalpur ,Naugachiya PHC,"Naugachiya PHC, Bhagalpur "
118,Bhagalpur ,Pirpainti PHC,"Pirpainti PHC, Bhagalpur "
119,Bhagalpur ,Rangra PHC,"Rangra PHC, Bhagalpur "
120,Bhagalpur ,Sabour PHC,"Sabour PHC, Bhagalpur "
121,Bhagalpur ,Sahkund PHC,"Sahkund PHC, Bhagalpur "
122,Bhagalpur ,Sanahulla PHC,"Sanahulla PHC, Bhagalpur "
123,Bhagalpur ,Sultanganj PHC,"Sultanganj PHC, Bhagalpur "
124,Bhagalpur ,Urban PHC,"Urban PHC, Bhagalpur "
125,Bhojpur ,Agiaon PHC,"Agiaon PHC, Bhojpur "
126,Bhojpur ,Barhara PHC,"Barhara PHC, Bhojpur "
127,Bhojpur ,Sadar PHC,"Sadar PHC, Bhojpur "
128,Bhojpur ,Bihiya PHC,"Bihiya PHC, Bhojpur "
129,Bhojpur ,Charpokhri PHC,"Charpokhri PHC, Bhojpur "
130,Bhojpur ,Garahani PHC,"Garahani PHC, Bhojpur "
131,Bhojpur ,Jagdishpur PHC,"Jagdishpur PHC, Bhojpur "
132,Bhojpur ,Jagdishpur SDH,"Jagdishpur SDH, Bhojpur "
133,Bhojpur ,Koilwar PHC,"Koilwar PHC, Bhojpur "
134,Bhojpur ,Ara Urban,"Ara Urban, Bhojpur "
135,Bhojpur ,Piro PHC,"Piro PHC, Bhojpur "
136,Bhojpur ,Sahar PHC,"Sahar PHC, Bhojpur "
137,Bhojpur ,Shahpur PHC,"Shahpur PHC, Bhojpur "
138,Bhojpur ,Sandesh PHC,"Sandesh PHC, Bhojpur "
139,Bhojpur ,Tarari PHC,"Tarari PHC, Bhojpur "
140,Bhojpur ,Udwantnagar PHC,"Udwantnagar PHC, Bhojpur "
141,Buxar ,Buxar Sadar,"Buxar Sadar, Buxar "
142,Buxar ,Chakki PHC,"Chakki PHC, Buxar "
143,Buxar ,Chougain PHC,"Chougain PHC, Buxar "
144,Buxar ,Chousa PHC,"Chousa PHC, Buxar "
145,Buxar ,Dumraon PHC,"Dumraon PHC, Buxar "
146,Buxar ,Itarhi PHC,"Itarhi PHC, Buxar "
147,Buxar ,Kesath PHC,"Kesath PHC, Buxar "
148,Buxar ,Nawanagar PHC,"Nawanagar PHC, Buxar "
149,Buxar ,Brahampur PHC,"Brahampur PHC, Buxar "
150,Buxar ,Rajpur PHC,"Rajpur PHC, Buxar "
151,Buxar ,Simari PHC,"Simari PHC, Buxar "
152,Darbhanga ,Alinagar PHC,"Alinagar PHC, Darbhanga "
153,Darbhanga ,Bahadurpur PHC,"Bahadurpur PHC, Darbhanga "
154,Darbhanga ,Baheri PHC,"Baheri PHC, Darbhanga "
155,Darbhanga ,Benipur PHC,"Benipur PHC, Darbhanga "
156,Darbhanga ,Benipur SDH,"Benipur SDH, Darbhanga "
157,Darbhanga ,Biraul CHC,"Biraul CHC, Darbhanga "
158,Darbhanga ,Darbhanga Sadar PHC,"Darbhanga Sadar PHC, Darbhanga "
159,Darbhanga ,Gouraboraam PHC,"Gouraboraam PHC, Darbhanga "
160,Darbhanga ,Ghanshyampur PHC,"Ghanshyampur PHC, Darbhanga "
161,Darbhanga ,Hanuman Nagar PHC,"Hanuman Nagar PHC, Darbhanga "
162,Darbhanga ,Hayaghat PHC,"Hayaghat PHC, Darbhanga "
163,Darbhanga ,Jalley PHC,"Jalley PHC, Darbhanga "
164,Darbhanga ,Keoti PHC,"Keoti PHC, Darbhanga "
165,Darbhanga ,Kiratpur PHC,"Kiratpur PHC, Darbhanga "
166,Darbhanga ,Kusheshwar Asthan PHC,"Kusheshwar Asthan PHC, Darbhanga "
167,Darbhanga ,Kusheshwar Asthan (East) PHC,"Kusheshwar Asthan (East) PHC, Darbhanga "
168,Darbhanga ,Darbhanga URBAN,"Darbhanga URBAN, Darbhanga "
169,Darbhanga ,Manigachhi PHC,"Manigachhi PHC, Darbhanga "
170,Darbhanga ,Singwara PHC,"Singwara PHC, Darbhanga "
171,Darbhanga ,Tardih PHC,"Tardih PHC, Darbhanga "
172,East Champaran ,Adapur PHC,"Adapur PHC, East Champaran "
173,East Champaran ,Areraj PHC,"Areraj PHC, East Champaran "
174,East Champaran ,Banjaria PHC,"Banjaria PHC, East Champaran "
175,East Champaran ,Bankatwa PHC,"Bankatwa PHC, East Champaran "
176,East Champaran ,Chakia PHC,"Chakia PHC, East Champaran "
177,East Champaran ,Chhauradano PHC,"Chhauradano PHC, East Champaran "
178,East Champaran ,Chiraiya PHC,"Chiraiya PHC, East Champaran "
179,East Champaran ,Dhaka PHC,"Dhaka PHC, East Champaran "
180,East Champaran ,Ghorasahan PHC,"Ghorasahan PHC, East Champaran "
181,East Champaran ,Harsidhi PHC,"Harsidhi PHC, East Champaran "
182,East Champaran ,Kalyanpur PHC,"Kalyanpur PHC, East Champaran "
183,East Champaran ,Kesariya PHC,"Kesariya PHC, East Champaran "
184,East Champaran ,Kotwa PHC,"Kotwa PHC, East Champaran "
185,East Champaran ,Madhuban PHC,"Madhuban PHC, East Champaran "
186,East Champaran ,Mehasi PHC,"Mehasi PHC, East Champaran "
187,East Champaran ,Motihari PHC,"Motihari PHC, East Champaran "
188,East Champaran ,Motihari Urban,"Motihari Urban, East Champaran "
189,East Champaran ,Pahadpur PHC,"Pahadpur PHC, East Champaran "
190,East Champaran ,Pakadidayal PHC,"Pakadidayal PHC, East Champaran "
191,East Champaran ,Patahi PHC,"Patahi PHC, East Champaran "
192,East Champaran ,Phenhara PHC,"Phenhara PHC, East Champaran "
193,East Champaran ,Piprakothi PHC,"Piprakothi PHC, East Champaran "
194,East Champaran ,Ramgarhwa PHC,"Ramgarhwa PHC, East Champaran "
195,East Champaran ,Raxaul PHC,"Raxaul PHC, East Champaran "
196,East Champaran ,Sangrampur PHC,"Sangrampur PHC, East Champaran "
197,East Champaran ,Sugauli PHC,"Sugauli PHC, East Champaran "
198,East Champaran ,Tetriya PHC,"Tetriya PHC, East Champaran "
199,East Champaran ,Turkoliya PHC,"Turkoliya PHC, East Champaran "
200,Gaya ,A. N. Magadh Medical College Hospital,"A. N. Magadh Medical College Hospital, Gaya "
201,Gaya ,Amas PHC,"Amas PHC, Gaya "
202,Gaya ,Atri PHC,"Atri PHC, Gaya "
203,Gaya ,Bankey Bazar PHC,"Bankey Bazar PHC, Gaya "
204,Gaya ,Barachatti PHC,"Barachatti PHC, Gaya "
205,Gaya ,Belaganj PHC,"Belaganj PHC, Gaya "
206,Gaya ,Bodh Gaya PHC,"Bodh Gaya PHC, Gaya "
207,Gaya ,Dhobhi PHC,"Dhobhi PHC, Gaya "
208,Gaya ,Dumariya PHC,"Dumariya PHC, Gaya "
209,Gaya ,Fatehpur PHC,"Fatehpur PHC, Gaya "
210,Gaya ,Guraru PHC,"Guraru PHC, Gaya "
211,Gaya ,Gurua PHC,"Gurua PHC, Gaya "
212,Gaya ,Imamganj PHC,"Imamganj PHC, Gaya "
213,Gaya ,"Jay Prakash Narayana
Hospital","Jay Prakash Narayana
Hospital, Gaya "
214,Gaya ,Khezarsaari PHC,"Khezarsaari PHC, Gaya "
215,Gaya ,Konch PHC,"Konch PHC, Gaya "
216,Gaya ,Manpur PHC,"Manpur PHC, Gaya "
217,Gaya ,Mohanpur PHC,"Mohanpur PHC, Gaya "
218,Gaya ,Mohra PHC,"Mohra PHC, Gaya "
219,Gaya ,Nagar Prakhand PHC,"Nagar Prakhand PHC, Gaya "
220,Gaya ,Nimchak Bathanhi PHC,"Nimchak Bathanhi PHC, Gaya "
221,Gaya ,Paraiya PHC,"Paraiya PHC, Gaya "
222,Gaya ,Prabhavati Lady Hospital,"Prabhavati Lady Hospital, Gaya "
223,Gaya ,Sherghati PHC,"Sherghati PHC, Gaya "
224,Gaya ,Tankuppa PHC,"Tankuppa PHC, Gaya "
225,Gaya ,Tekari PHC,"Tekari PHC, Gaya "
226,Gaya ,Wazirganj PHC,"Wazirganj PHC, Gaya "
227,Gopalganj ,Baikunthpur CHC,"Baikunthpur CHC, Gopalganj "
228,Gopalganj ,BARAULI PHC,"BARAULI PHC, Gopalganj "
229,Gopalganj ,BHORE PHC,"BHORE PHC, Gopalganj "
230,Gopalganj ,Bijayipur PHC,"Bijayipur PHC, Gopalganj "
231,Gopalganj ,Gopalganj DH,"Gopalganj DH, Gopalganj "
232,Gopalganj ,Gopalganj Sadar PHC,"Gopalganj Sadar PHC, Gopalganj "
233,Gopalganj ,Hathuwa PHC,"Hathuwa PHC, Gopalganj "
234,Gopalganj ,Hathuwa SDH,"Hathuwa SDH, Gopalganj "
235,Gopalganj ,Kateya PHC,"Kateya PHC, Gopalganj "
236,Gopalganj ,Kuchaikote CHC,"Kuchaikote CHC, Gopalganj "
237,Gopalganj ,Manjha CHC,"Manjha CHC, Gopalganj "
238,Gopalganj ,Panchadeori PHC,"Panchadeori PHC, Gopalganj "
239,Gopalganj ,Phulwariya PHC,"Phulwariya PHC, Gopalganj "
240,Gopalganj ,SIDHWALIYA PHC,"SIDHWALIYA PHC, Gopalganj "
241,Gopalganj ,THAWE PHC,"THAWE PHC, Gopalganj "
242,Gopalganj ,Uchakagaon CHC,"Uchakagaon CHC, Gopalganj "
243,Jamui ,Aliganj PHC,"Aliganj PHC, Jamui "
244,Jamui ,Barhat PHC,"Barhat PHC, Jamui "
245,Jamui ,Chakai PHC,"Chakai PHC, Jamui "
246,Jamui ,Gidhour PHC,"Gidhour PHC, Jamui "
247,Jamui ,Jamui Sadar Hospital DH,"Jamui Sadar Hospital DH, Jamui "
248,Jamui ,Jamui Urban PHC,"Jamui Urban PHC, Jamui "
249,Jamui ,Jhajha PHC,"Jhajha PHC, Jamui "
250,Jamui ,Khaira PHC,"Khaira PHC, Jamui "
251,Jamui ,Laxmipur PHC,"Laxmipur PHC, Jamui "
252,Jamui ,Sikandra PHC,"Sikandra PHC, Jamui "
253,Jamui ,Sono PHC,"Sono PHC, Jamui "
254,Jehanabad ,Ghoshi PHC,"Ghoshi PHC, Jehanabad "
255,Jehanabad ,Hulashganj PHC,"Hulashganj PHC, Jehanabad "
256,Jehanabad ,Jehanabad Sadar Hospital,"Jehanabad Sadar Hospital, Jehanabad "
257,Jehanabad ,Kako PHC,"Kako PHC, Jehanabad "
258,Jehanabad ,Makhdumpur PHC,"Makhdumpur PHC, Jehanabad "
259,Jehanabad ,Okari PHC,"Okari PHC, Jehanabad "
260,Jehanabad ,Ratni Faridpur PHC,"Ratni Faridpur PHC, Jehanabad "
261,Jehanabad ,Sikariyan PHC,"Sikariyan PHC, Jehanabad "
262,Kaimur ,Adhaura PHC,"Adhaura PHC, Kaimur "
263,Kaimur ,Bhabua Urban,"Bhabua Urban, Kaimur "
264,Kaimur ,Bhagwanpur PHC,"Bhagwanpur PHC, Kaimur "
265,Kaimur ,Chainpur PHC,"Chainpur PHC, Kaimur "
266,Kaimur ,Chand PHC,"Chand PHC, Kaimur "
267,Kaimur ,Durgawati PHC,"Durgawati PHC, Kaimur "
268,Kaimur ,Bhabua PHC,"Bhabua PHC, Kaimur "
269,Kaimur ,Kaimur DH,"Kaimur DH, Kaimur "
270,Kaimur ,Kudra PHC,"Kudra PHC, Kaimur "
271,Kaimur ,Mohaniya PHC,"Mohaniya PHC, Kaimur "
272,Kaimur ,Nuaon PHC,"Nuaon PHC, Kaimur "
273,Kaimur ,Ramgarh PHC,"Ramgarh PHC, Kaimur "
274,Kaimur ,Rampur PHC,"Rampur PHC, Kaimur "
275,Katihar ,Amdabad PHC,"Amdabad PHC, Katihar "
276,Katihar ,Azamnagar PHC,"Azamnagar PHC, Katihar "
277,Katihar ,Balrampur APHC,"Balrampur APHC, Katihar "
278,Katihar ,Barari PHC,"Barari PHC, Katihar "
279,Katihar ,Barsoi PHC,"Barsoi PHC, Katihar "
280,Katihar ,Beliya Belon PHC,"Beliya Belon PHC, Katihar "
281,Katihar ,Dhandkhora PHC,"Dhandkhora PHC, Katihar "
282,Katihar ,Falka PHC,"Falka PHC, Katihar "
283,Katihar ,Hasanganj PHC,"Hasanganj PHC, Katihar "
284,Katihar ,Kadawa PHC,"Kadawa PHC, Katihar "
285,Katihar ,Katihar Medical College,"Katihar Medical College, Katihar "
286,Katihar ,Katihar Railway Hospital,"Katihar Railway Hospital, Katihar "
287,Katihar ,Katihar Sadar Hospital DH,"Katihar Sadar Hospital DH, Katihar "
288,Katihar ,Katihar PHC,"Katihar PHC, Katihar "
289,Katihar ,Korha PHC,"Korha PHC, Katihar "
290,Katihar ,Kursela PHC,"Kursela PHC, Katihar "
291,Katihar ,Manihari PHC,"Manihari PHC, Katihar "
292,Katihar ,Manihari Referral Hospital,"Manihari Referral Hospital, Katihar "
293,Katihar ,Mansahi PHC,"Mansahi PHC, Katihar "
294,Katihar ,Pranpur PHC,"Pranpur PHC, Katihar "
295,Katihar ,Sameli PHC,"Sameli PHC, Katihar "
296,Katihar ,Shalmari APHC,"Shalmari APHC, Katihar "
297,Katihar ,Balrampur PHC,"Balrampur PHC, Katihar "
298,Khagaria ,Alauli PHC,"Alauli PHC, Khagaria "
299,Khagaria ,Beldaur PHC,"Beldaur PHC, Khagaria "
300,Khagaria ,Gogari CHC,"Gogari CHC, Khagaria "
301,Khagaria ,Khagaria PHC,"Khagaria PHC, Khagaria "
302,Khagaria ,Chautham PHC,"Chautham PHC, Khagaria "
303,Khagaria ,Prawatta PHC,"Prawatta PHC, Khagaria "
304,Khagaria ,Mansi PHC,"Mansi PHC, Khagaria "
305,Kishanganj ,Bahadurganj PHC,"Bahadurganj PHC, Kishanganj "
306,Kishanganj ,Chatargachh Referral Hospital,"Chatargachh Referral Hospital, Kishanganj "
307,Kishanganj ,Dighalbank PHC,"Dighalbank PHC, Kishanganj "
308,Kishanganj ,Kishanganj DH,"Kishanganj DH, Kishanganj "
309,Kishanganj ,"MGM Medical College &
Hospital Kishanganj","MGM Medical College &
Hospital Kishanganj, Kishanganj "
310,Kishanganj ,Kishanganj Belva PHC,"Kishanganj Belva PHC, Kishanganj "
311,Kishanganj ,Kochadaman PHC,"Kochadaman PHC, Kishanganj "
312,Kishanganj ,Pothiya PHC,"Pothiya PHC, Kishanganj "
313,Kishanganj ,Terhagchh PHC,"Terhagchh PHC, Kishanganj "
314,Kishanganj ,Thakurganj PHC,"Thakurganj PHC, Kishanganj "
315,Lakhisarai ,Barahiya PHC,"Barahiya PHC, Lakhisarai "
316,Lakhisarai ,Ghosaith APHC,"Ghosaith APHC, Lakhisarai "
317,Lakhisarai ,Halsi PHC,"Halsi PHC, Lakhisarai "
318,Lakhisarai ,Lakhisarai PHC,"Lakhisarai PHC, Lakhisarai "
319,Lakhisarai ,Lakhisarai Sadar Hospital DH,"Lakhisarai Sadar Hospital DH, Lakhisarai "
320,Lakhisarai ,Pipairya PHC,"Pipairya PHC, Lakhisarai "
321,Lakhisarai ,Ramgarh PHC,"Ramgarh PHC, Lakhisarai "
322,Lakhisarai ,Surajgraha PHC,"Surajgraha PHC, Lakhisarai "
323,Madhepura ,Alamnagar PHC,"Alamnagar PHC, Madhepura "
324,Madhepura ,Bihariganj PHC,"Bihariganj PHC, Madhepura "
325,Madhepura ,Chausa PHC,"Chausa PHC, Madhepura "
326,Madhepura ,Gamhariya PHC,"Gamhariya PHC, Madhepura "
327,Madhepura ,Ghailadh PHC,"Ghailadh PHC, Madhepura "
328,Madhepura ,Gwalpara PHC,"Gwalpara PHC, Madhepura "
329,Madhepura ,Kumarkhand PHC,"Kumarkhand PHC, Madhepura "
330,Madhepura ,Madhepura Sadar Hospital,"Madhepura Sadar Hospital, Madhepura "
331,Madhepura ,Majhora APHC,"Majhora APHC, Madhepura "
332,Madhepura ,Murho PHC,"Murho PHC, Madhepura "
333,Madhepura ,Murliganj PHC,"Murliganj PHC, Madhepura "
334,Madhepura ,Phulot APHC,"Phulot APHC, Madhepura "
335,Madhepura ,Puraini PHC,"Puraini PHC, Madhepura "
336,Madhepura ,Sankarpur PHC,"Sankarpur PHC, Madhepura "
337,Madhepura ,Singheshar PHC,"Singheshar PHC, Madhepura "
338,Madhepura ,Udakisananganj PHC,"Udakisananganj PHC, Madhepura "
339,Madhubani ,Andhrathari RH,"Andhrathari RH, Madhubani "
340,Madhubani ,Babubarhi PHC,"Babubarhi PHC, Madhubani "
341,Madhubani ,Basopatti PHC,"Basopatti PHC, Madhubani "
342,Madhubani ,Benipatti PHC,"Benipatti PHC, Madhubani "
343,Madhubani ,Bisf PHC,"Bisf PHC, Madhubani "
344,Madhubani ,Ghoghardiha PHC,"Ghoghardiha PHC, Madhubani "
345,Madhubani ,Harlakhi PHC,"Harlakhi PHC, Madhubani "
346,Madhubani ,Jainagar PHC,"Jainagar PHC, Madhubani "
347,Madhubani ,Jhanjharpur PHC,"Jhanjharpur PHC, Madhubani "
348,Madhubani ,Kaluahi PHC,"Kaluahi PHC, Madhubani "
349,Madhubani ,Khajauli PHC,"Khajauli PHC, Madhubani "
350,Madhubani ,Khutauna PHC,"Khutauna PHC, Madhubani "
351,Madhubani ,Ladania PHC,"Ladania PHC, Madhubani "
352,Madhubani ,Lakhnaur PHC,"Lakhnaur PHC, Madhubani "
353,Madhubani ,Laukahi PHC,"Laukahi PHC, Madhubani "
354,Madhubani ,Madhepur PHC,"Madhepur PHC, Madhubani "
355,Madhubani ,Madhubani Urban,"Madhubani Urban, Madhubani "
356,Madhubani ,Madhwapur PHC,"Madhwapur PHC, Madhubani "
357,Madhubani ,Pandaul RH,"Pandaul RH, Madhubani "
358,Madhubani ,Phulparas RH,"Phulparas RH, Madhubani "
359,Madhubani ,Rahika PHC,"Rahika PHC, Madhubani "
360,Madhubani ,Rajnagar PHC,"Rajnagar PHC, Madhubani "
361,Munger ,Asarganj PHC,"Asarganj PHC, Munger "
362,Munger ,Bariarpur PHC,"Bariarpur PHC, Munger "
363,Munger ,Dharhara PHC,"Dharhara PHC, Munger "
364,Munger ,Jamalpur Rural PHC,"Jamalpur Rural PHC, Munger "
365,Munger ,Kharagpur PHC,"Kharagpur PHC, Munger "
366,Munger ,Munger Urban,"Munger Urban, Munger "
367,Munger ,Munger Sadar PHC,"Munger Sadar PHC, Munger "
368,Munger ,Sangrampur PHC,"Sangrampur PHC, Munger "
369,Munger ,Tarapur PHC,"Tarapur PHC, Munger "
370,Munger ,Tetiya Bamber PHC,"Tetiya Bamber PHC, Munger "
371,Muzaffarpur ,Aurai PHC,"Aurai PHC, Muzaffarpur "
372,Muzaffarpur ,Bochaha PHC,"Bochaha PHC, Muzaffarpur "
373,Muzaffarpur ,Gayghat PHC,"Gayghat PHC, Muzaffarpur "
374,Muzaffarpur ,Kanti PHC,"Kanti PHC, Muzaffarpur "
375,Muzaffarpur ,Katra PHC,"Katra PHC, Muzaffarpur "
376,Muzaffarpur ,Kudhani PHC,"Kudhani PHC, Muzaffarpur "
377,Muzaffarpur ,Marwan PHC,"Marwan PHC, Muzaffarpur "
378,Muzaffarpur ,Minapur PHC,"Minapur PHC, Muzaffarpur "
379,Muzaffarpur ,Motipur PHC,"Motipur PHC, Muzaffarpur "
380,Muzaffarpur ,Muraul PHC,"Muraul PHC, Muzaffarpur "
381,Muzaffarpur ,Mushari PHC,"Mushari PHC, Muzaffarpur "
382,Muzaffarpur ,Sadar Hospital Muzaffarpur DH,"Sadar Hospital Muzaffarpur DH, Muzaffarpur "
383,Muzaffarpur ,Sri Krishna Medical College and Hospital,"Sri Krishna Medical College and Hospital, Muzaffarpur "
384,Muzaffarpur ,Urban Muzaffarpur,"Urban Muzaffarpur, Muzaffarpur "
385,Muzaffarpur ,Paroo PHC,"Paroo PHC, Muzaffarpur "
386,Muzaffarpur ,Sahebganj PHC,"Sahebganj PHC, Muzaffarpur "
387,Muzaffarpur ,Sakra PHC,"Sakra PHC, Muzaffarpur "
388,Muzaffarpur ,Saraiya PHC,"Saraiya PHC, Muzaffarpur "
389,Nalanda ,Asthawan PHC,"Asthawan PHC, Nalanda "
390,Nalanda ,Ben PHC,"Ben PHC, Nalanda "
391,Nalanda ,Biharsharif urban PHC,"Biharsharif urban PHC, Nalanda "
392,Nalanda ,Chandi PHC,"Chandi PHC, Nalanda "
393,Nalanda ,Ekangarsarai PHC,"Ekangarsarai PHC, Nalanda "
394,Nalanda ,Giriyak PHC,"Giriyak PHC, Nalanda "
395,Nalanda ,Hilsa PHC,"Hilsa PHC, Nalanda "
396,Nalanda ,Islampur PHC,"Islampur PHC, Nalanda "
397,Nalanda ,Karaiparsurai PHC,"Karaiparsurai PHC, Nalanda "
398,Nalanda ,Katrisarai PHC,"Katrisarai PHC, Nalanda "
399,Nalanda ,Bind PHC,"Bind PHC, Nalanda "
400,Nalanda ,Nagarnausa PHC,"Nagarnausa PHC, Nalanda "
401,Nalanda ,Harnaut PHC,"Harnaut PHC, Nalanda "
402,Nalanda ,Noorsarai PHC,"Noorsarai PHC, Nalanda "
403,Nalanda ,Parwalpur PHC,"Parwalpur PHC, Nalanda "
404,Nalanda ,Rahui PHC,"Rahui PHC, Nalanda "
405,Nalanda ,Rajgir PHC,"Rajgir PHC, Nalanda "
406,Nalanda ,Biharsharif sadar PHC,"Biharsharif sadar PHC, Nalanda "
407,Nalanda ,Sarmera PHC,"Sarmera PHC, Nalanda "
408,Nalanda ,Silao PHC,"Silao PHC, Nalanda "
409,Nalanda ,Tharthari PHC,"Tharthari PHC, Nalanda "
410,Nawada ,Akbarpur PHC,"Akbarpur PHC, Nawada "
411,Nawada ,GovindPur PHC,"GovindPur PHC, Nawada "
412,Nawada ,Hisua PHC,"Hisua PHC, Nawada "
413,Nawada ,Kasichak PHC,"Kasichak PHC, Nawada "
414,Nawada ,Kawakol PHC,"Kawakol PHC, Nawada "
415,Nawada ,Meskour PHC,"Meskour PHC, Nawada "
416,Nawada ,Nardiganj PHC,"Nardiganj PHC, Nawada "
417,Nawada ,Narhat PHC,"Narhat PHC, Nawada "
418,Nawada ,Nawada Sadar Hospital DH,"Nawada Sadar Hospital DH, Nawada "
419,Nawada ,Sadar Block PHC,"Sadar Block PHC, Nawada "
420,Nawada ,Pakribrawan PHC,"Pakribrawan PHC, Nawada "
421,Nawada ,Rajauli PHC,"Rajauli PHC, Nawada "
422,Nawada ,Roh PHC,"Roh PHC, Nawada "
423,Nawada ,Sirdala PHC,"Sirdala PHC, Nawada "
424,Nawada ,Warisaliganj PHC,"Warisaliganj PHC, Nawada "
425,Patna ,Athmalgola PHC,"Athmalgola PHC, Patna "
426,Patna ,Bakhtiyarpur PHC,"Bakhtiyarpur PHC, Patna "
427,Patna ,Barh PHC,"Barh PHC, Patna "
428,Patna ,Belchi PHC,"Belchi PHC, Patna "
429,Patna ,Bihta PHC,"Bihta PHC, Patna "
430,Patna ,Bikram PHC,"Bikram PHC, Patna "
431,Patna ,Danapur PHC,"Danapur PHC, Patna "
432,Patna ,Daniyawan PHC,"Daniyawan PHC, Patna "
433,Patna ,Dhanarua PHC,"Dhanarua PHC, Patna "
434,Patna ,Dulhinbazar PHC,"Dulhinbazar PHC, Patna "
435,Patna ,Fatuha PHC,"Fatuha PHC, Patna "
436,Patna ,Gardanibagh UHC,"Gardanibagh UHC, Patna "
437,Patna ,GGS Patna City UHC,"GGS Patna City UHC, Patna "
438,Patna ,Ghoswari PHC,"Ghoswari PHC, Patna "
439,Patna ,Gulzarbagh Dispensary UHC,"Gulzarbagh Dispensary UHC, Patna "
440,Patna ,Jai Prabha UHC,"Jai Prabha UHC, Patna "
441,Patna ,Kankarbagh Dispensary UHC,"Kankarbagh Dispensary UHC, Patna "
442,Patna ,Khushrupur PHC,"Khushrupur PHC, Patna "
443,Patna ,Maner PHC,"Maner PHC, Patna "
444,Patna ,Marufganj Dispensary UHC,"Marufganj Dispensary UHC, Patna "
445,Patna ,Masaurhi PHC,"Masaurhi PHC, Patna "
446,Patna ,Mokama PHC,"Mokama PHC, Patna "
447,Patna ,Naubatpur PHC,"Naubatpur PHC, Patna "
448,Patna ,New Gardiner Road UHC,"New Gardiner Road UHC, Patna "
449,Patna ,Paliganj PHC,"Paliganj PHC, Patna "
450,Patna ,Pandarak PHC,"Pandarak PHC, Patna "
451,Patna ,NMCH,"NMCH, Patna "
452,Patna ,PMCH,"PMCH, Patna "
453,Patna ,Patna Sadar PHC,"Patna Sadar PHC, Patna "
454,Patna ,Phulwarisharif PHC,"Phulwarisharif PHC, Patna "
455,Patna ,Punpun PHC,"Punpun PHC, Patna "
456,Patna ,Rajbanshi Nagar UHC,"Rajbanshi Nagar UHC, Patna "
457,Patna ,Rajendra Nagar UHC,"Rajendra Nagar UHC, Patna "
458,Patna ,Sampatchak PHC,"Sampatchak PHC, Patna "
459,Patna ,Barh SDH,"Barh SDH, Patna "
460,Patna ,Danapur SDH,"Danapur SDH, Patna "
461,Patna ,Masaurhi SDH,"Masaurhi SDH, Patna "
462,Purnia ,Amour Referral Hospital,"Amour Referral Hospital, Purnia "
463,Purnia ,Baisa PHC,"Baisa PHC, Purnia "
464,Purnia ,Baisee PHC,"Baisee PHC, Purnia "
465,Purnia ,Banmankhi SDH,"Banmankhi SDH, Purnia "
466,Purnia ,Barhara Kothi PHC,"Barhara Kothi PHC, Purnia "
467,Purnia ,Bhawanipur PHC,"Bhawanipur PHC, Purnia "
468,Purnia ,Dagarua PHC,"Dagarua PHC, Purnia "
469,Purnia ,Dhamdaha Referral Hospital,"Dhamdaha Referral Hospital, Purnia "
470,Purnia ,Jalalgarh PHC,"Jalalgarh PHC, Purnia "
471,Purnia ,Jankinagar APHC,"Jankinagar APHC, Purnia "
472,Purnia ,Kasba PHC,"Kasba PHC, Purnia "
473,Purnia ,Krityanand Nagar PHC,"Krityanand Nagar PHC, Purnia "
474,Purnia ,Mohanpur APHC,"Mohanpur APHC, Purnia "
475,Purnia ,Sadar Hospital DH,"Sadar Hospital DH, Purnia "
476,Purnia ,Purnia East Rural PHC,"Purnia East Rural PHC, Purnia "
477,Purnia ,Purnia East Urban PHC,"Purnia East Urban PHC, Purnia "
478,Purnia ,Rupauli Referral Hospital,"Rupauli Referral Hospital, Purnia "
479,Purnia ,Sarsi PHC,"Sarsi PHC, Purnia "
480,Purnia ,Shrinagar PHC,"Shrinagar PHC, Purnia "
481,Rohtas ,Akori Gola PHC,"Akori Gola PHC, Rohtas "
482,Rohtas ,Bikramganj PHC,"Bikramganj PHC, Rohtas "
483,Rohtas ,Chenari PHC,"Chenari PHC, Rohtas "
484,Rohtas ,Dawath PHC,"Dawath PHC, Rohtas "
485,Rohtas ,Dehri PHC,"Dehri PHC, Rohtas "
486,Rohtas ,Dinara PHC,"Dinara PHC, Rohtas "
487,Rohtas ,Karakat PHC,"Karakat PHC, Rohtas "
488,Rohtas ,Kargahar PHC,"Kargahar PHC, Rohtas "
489,Rohtas ,Kochas PHC,"Kochas PHC, Rohtas "
490,Rohtas ,Nasriganj PHC,"Nasriganj PHC, Rohtas "
491,Rohtas ,Nauhatta PHC,"Nauhatta PHC, Rohtas "
492,Rohtas ,Nokha PHC,"Nokha PHC, Rohtas "
493,Rohtas ,Rajpur PHC,"Rajpur PHC, Rohtas "
494,Rohtas ,Rohtas PHC,"Rohtas PHC, Rohtas "
495,Rohtas ,Sanjhauli PHC,"Sanjhauli PHC, Rohtas "
496,Rohtas ,Sasaram PHC,"Sasaram PHC, Rohtas "
497,Rohtas ,Sheosagar PHC,"Sheosagar PHC, Rohtas "
498,Rohtas ,Suryapura PHC,"Suryapura PHC, Rohtas "
499,Rohtas ,Tilouthu PHC,"Tilouthu PHC, Rohtas "
500,Saharsa ,Banma Itahari PHC,"Banma Itahari PHC, Saharsa "
501,Saharsa ,Saharsa Sadar PHC,"Saharsa Sadar PHC, Saharsa "
502,Saharsa ,Mahishi PHC,"Mahishi PHC, Saharsa "
503,Saharsa ,Nauhatta PHC,"Nauhatta PHC, Saharsa "
504,Saharsa ,Panchgachhiya PHC,"Panchgachhiya PHC, Saharsa "
505,Saharsa ,Patarghat PHC,"Patarghat PHC, Saharsa "
506,Saharsa ,Saharsa Urban PHC,"Saharsa Urban PHC, Saharsa "
507,Saharsa ,Salkhua PHC,"Salkhua PHC, Saharsa "
508,Saharsa ,Simari Bakhtiyarpur PHC,"Simari Bakhtiyarpur PHC, Saharsa "
509,Saharsa ,Sonbarsa PHC,"Sonbarsa PHC, Saharsa "
510,Saharsa ,Sourbazar PHC,"Sourbazar PHC, Saharsa "
511,Samastipur ,Bibhutipur PHC,"Bibhutipur PHC, Samastipur "
512,Samastipur ,Bithan PHC,"Bithan PHC, Samastipur "
513,Samastipur ,Dalsinghsarai PHC,"Dalsinghsarai PHC, Samastipur "
514,Samastipur ,Hasanpur PHC,"Hasanpur PHC, Samastipur "
515,Samastipur ,Kalyanpur PHC,"Kalyanpur PHC, Samastipur "
516,Samastipur ,Khanpur PHC,"Khanpur PHC, Samastipur "
517,Samastipur ,Mohanpur PHC,"Mohanpur PHC, Samastipur "
518,Samastipur ,Mohauiddinagar PHC,"Mohauiddinagar PHC, Samastipur "
519,Samastipur ,Morwa PHC,"Morwa PHC, Samastipur "
520,Samastipur ,Patori PHC,"Patori PHC, Samastipur "
521,Samastipur ,Pusa PHC,"Pusa PHC, Samastipur "
522,Samastipur ,Rosera PHC,"Rosera PHC, Samastipur "
523,Samastipur ,Samastipur PHC,"Samastipur PHC, Samastipur "
524,Samastipur ,Samastipur Urban,"Samastipur Urban, Samastipur "
525,Samastipur ,Sarairanjan PHC,"Sarairanjan PHC, Samastipur "
526,Samastipur ,Shivajinagar PHC,"Shivajinagar PHC, Samastipur "
527,Samastipur ,Singhia PHC,"Singhia PHC, Samastipur "
528,Samastipur ,Tajpur PHC,"Tajpur PHC, Samastipur "
529,Samastipur ,Ujiarpur PHC,"Ujiarpur PHC, Samastipur "
530,Samastipur ,Vidyapatinagar PHC,"Vidyapatinagar PHC, Samastipur "
531,Samastipur ,Warishnagar PHC,"Warishnagar PHC, Samastipur "
532,Saran ,Amnour CHC,"Amnour CHC, Saran "
533,Saran ,Baniyapur Referal Hospital RH,"Baniyapur Referal Hospital RH, Saran "
534,Saran ,Dariyapur PHC,"Dariyapur PHC, Saran "
535,Saran ,Dighwara CHC,"Dighwara CHC, Saran "
536,Saran ,Ekma CHC,"Ekma CHC, Saran "
537,Saran ,Garkha CHC,"Garkha CHC, Saran "
538,Saran ,Isuwapur PHC,"Isuwapur PHC, Saran "
539,Saran ,Jalalpur CHC,"Jalalpur CHC, Saran "
540,Saran ,Lahladpur PHC,"Lahladpur PHC, Saran "
541,Saran ,Maker PHC,"Maker PHC, Saran "
542,Saran ,Manjhi CHC,"Manjhi CHC, Saran "
543,Saran ,Marhaura PHC,"Marhaura PHC, Saran "
544,Saran ,Mashrakh CHC,"Mashrakh CHC, Saran "
545,Saran ,Nagra PHC,"Nagra PHC, Saran "
546,Saran ,Panapur PHC,"Panapur PHC, Saran "
547,Saran ,Parsa CHC,"Parsa CHC, Saran "
548,Saran ,Revilgang CHC,"Revilgang CHC, Saran "
549,Saran ,Sadar Block PHC,"Sadar Block PHC, Saran "
550,Saran ,Sadar Hospital Saran DH,"Sadar Hospital Saran DH, Saran "
551,Saran ,Sonpur CHC,"Sonpur CHC, Saran "
552,Saran ,Taraiya PHC,"Taraiya PHC, Saran "
553,Sheikhpura ,Barbigha RH,"Barbigha RH, Sheikhpura "
554,Sheikhpura ,Chewara PHC,"Chewara PHC, Sheikhpura "
555,Sheikhpura ,Ghatkumbha PHC,"Ghatkumbha PHC, Sheikhpura "
556,Sheikhpura ,Ariyari PHC,"Ariyari PHC, Sheikhpura "
557,Sheikhpura ,Sekhopursarai PHC,"Sekhopursarai PHC, Sheikhpura "
558,Sheikhpura ,Seikhpura DH,"Seikhpura DH, Sheikhpura "
559,Sheikhpura ,Sheikhpura PHC,"Sheikhpura PHC, Sheikhpura "
560,Sheohar ,Dumri Katsari PHC,"Dumri Katsari PHC, Sheohar "
561,Sheohar ,Sheohar Sadar PHC,"Sheohar Sadar PHC, Sheohar "
562,Sheohar ,Piprahi PHC,"Piprahi PHC, Sheohar "
563,Sheohar ,Purnahiya PHC,"Purnahiya PHC, Sheohar "
564,Sheohar ,Sheohar DH,"Sheohar DH, Sheohar "
565,Sheohar ,Tariyani PHC,"Tariyani PHC, Sheohar "
566,Sitamarhi ,Bairginiya PHC,"Bairginiya PHC, Sitamarhi "
567,Sitamarhi ,Bangaon PHC,"Bangaon PHC, Sitamarhi "
568,Sitamarhi ,Bathnaha PHC,"Bathnaha PHC, Sitamarhi "
569,Sitamarhi ,Belsand PHC,"Belsand PHC, Sitamarhi "
570,Sitamarhi ,Bokhara PHC,"Bokhara PHC, Sitamarhi "
571,Sitamarhi ,Choraut PHC,"Choraut PHC, Sitamarhi "
572,Sitamarhi ,Dumra PHC,"Dumra PHC, Sitamarhi "
573,Sitamarhi ,Mejorganj PHC,"Mejorganj PHC, Sitamarhi "
574,Sitamarhi ,Nanpur PHC,"Nanpur PHC, Sitamarhi "
575,Sitamarhi ,Parihar PHC,"Parihar PHC, Sitamarhi "
576,Sitamarhi ,Parsauni PHC,"Parsauni PHC, Sitamarhi "
577,Sitamarhi ,Pupri PHC,"Pupri PHC, Sitamarhi "
578,Sitamarhi ,Riga PHC,"Riga PHC, Sitamarhi "
579,Sitamarhi ,Runnisaidpur PHC,"Runnisaidpur PHC, Sitamarhi "
580,Sitamarhi ,Sitamarhi DH,"Sitamarhi DH, Sitamarhi "
581,Sitamarhi ,Sonbarsa PHC,"Sonbarsa PHC, Sitamarhi "
582,Sitamarhi ,Suppi PHC,"Suppi PHC, Sitamarhi "
583,Sitamarhi ,Sursand PHC,"Sursand PHC, Sitamarhi "
584,Siwan ,Andar PHC,"Andar PHC, Siwan "
585,Siwan ,Barharya PHC,"Barharya PHC, Siwan "
586,Siwan ,Basantpur PHC,"Basantpur PHC, Siwan "
587,Siwan ,Bhagwanpur PHC,"Bhagwanpur PHC, Siwan "
588,Siwan ,Darauli PHC,"Darauli PHC, Siwan "
589,Siwan ,Daraunda PHC,"Daraunda PHC, Siwan "
590,Siwan ,Goriyakothi PHC,"Goriyakothi PHC, Siwan "
591,Siwan ,Guthani PHC,"Guthani PHC, Siwan "
592,Siwan ,Hasanpur PHC,"Hasanpur PHC, Siwan "
593,Siwan ,Hussainganj PHC,"Hussainganj PHC, Siwan "
594,Siwan ,Jeeradei PHC,"Jeeradei PHC, Siwan "
595,Siwan ,Lakarinabiganj PHC,"Lakarinabiganj PHC, Siwan "
596,Siwan ,Maharajganj PHC,"Maharajganj PHC, Siwan "
597,Siwan ,Mairwa PHC,"Mairwa PHC, Siwan "
598,Siwan ,Nautan PHC,"Nautan PHC, Siwan "
599,Siwan ,Pachrukhi PHC,"Pachrukhi PHC, Siwan "
600,Siwan ,Raghunathpur PHC,"Raghunathpur PHC, Siwan "
601,Siwan ,Siswan PHC,"Siswan PHC, Siwan "
602,Siwan ,Sadar Block PHC,"Sadar Block PHC, Siwan "
603,Siwan ,Siwan Sadar Hospital DH,"Siwan Sadar Hospital DH, Siwan "
604,Supaul ,Balua Bazar APHC,"Balua Bazar APHC, Supaul "
605,Supaul ,Basantpur PHC,"Basantpur PHC, Supaul "
606,Supaul ,Chattapur PHC,"Chattapur PHC, Supaul "
607,Supaul ,Kishanpur PHC,"Kishanpur PHC, Supaul "
608,Supaul ,Kunauli APHC,"Kunauli APHC, Supaul "
609,Supaul ,Marauna PHC,"Marauna PHC, Supaul "
610,Supaul ,Nirmali PHC,"Nirmali PHC, Supaul "
611,Supaul ,Pipra PHC,"Pipra PHC, Supaul "
612,Supaul ,Pratapganj PHC,"Pratapganj PHC, Supaul "
613,Supaul ,Raghopur PHC,"Raghopur PHC, Supaul "
614,Supaul ,S. Bhaptiyahe PHC,"S. Bhaptiyahe PHC, Supaul "
615,Supaul ,Sadar Block Supaul PHC,"Sadar Block Supaul PHC, Supaul "
616,Supaul ,Triveniganj PHC,"Triveniganj PHC, Supaul "
617,Vaishali ,Bhagwanpur PHC,"Bhagwanpur PHC, Vaishali "
618,Vaishali ,Bidupur PHC,"Bidupur PHC, Vaishali "
619,Vaishali ,Chehra Kala PHC,"Chehra Kala PHC, Vaishali "
620,Vaishali ,Desri PHC,"Desri PHC, Vaishali "
621,Vaishali ,Goraul PHC,"Goraul PHC, Vaishali "
622,Vaishali ,Hajipur DH,"Hajipur DH, Vaishali "
623,Vaishali ,Hajipur PHC,"Hajipur PHC, Vaishali "
624,Vaishali ,Jandaha PHC,"Jandaha PHC, Vaishali "
625,Vaishali ,LALGANJ PHC,"LALGANJ PHC, Vaishali "
626,Vaishali ,Mahnar PHC,"Mahnar PHC, Vaishali "
627,Vaishali ,Mahua PHC,"Mahua PHC, Vaishali "
628,Vaishali ,Patepur PHC,"Patepur PHC, Vaishali "
629,Vaishali ,Paterhi Belsar PHC,"Paterhi Belsar PHC, Vaishali "
630,Vaishali ,Raghopur Referal Hospital,"Raghopur Referal Hospital, Vaishali "
631,Vaishali ,Rajapakar PHC,"Rajapakar PHC, Vaishali "
632,Vaishali ,Sahdai Buzurg PHC,"Sahdai Buzurg PHC, Vaishali "
633,Vaishali ,Vaishali PHC,"Vaishali PHC, Vaishali "
634,West Champaran ,Bagaha-1 PHC,"Bagaha-1 PHC, West Champaran "
635,West Champaran ,Bagaha-2 PHC,"Bagaha-2 PHC, West Champaran "
636,West Champaran ,Bairiya PHC,"Bairiya PHC, West Champaran "
637,West Champaran ,Bakhari APHC,"Bakhari APHC, West Champaran "
638,West Champaran ,Balmiki Nagar APHC,"Balmiki Nagar APHC, West Champaran "
639,West Champaran ,Bettiah PHC,"Bettiah PHC, West Champaran "
640,West Champaran ,Bhitaha PHC,"Bhitaha PHC, West Champaran "
641,West Champaran ,Chanpatia PHC,"Chanpatia PHC, West Champaran "
642,West Champaran ,Madhubani PHC,"Madhubani PHC, West Champaran "
643,West Champaran ,Gaunaha PHC,"Gaunaha PHC, West Champaran "
644,West Champaran ,Harnatarh PHC,"Harnatarh PHC, West Champaran "
645,West Champaran ,Jogapatti PHC,"Jogapatti PHC, West Champaran "
646,West Champaran ,Lauriya PHC,"Lauriya PHC, West Champaran "
647,West Champaran ,Mainatarh PHC,"Mainatarh PHC, West Champaran "
648,West Champaran ,Majhauliya PHC,"Majhauliya PHC, West Champaran "
649,West Champaran ,Narkatiyaganj PHC,"Narkatiyaganj PHC, West Champaran "
650,West Champaran ,Nautan PHC,"Nautan PHC, West Champaran "
651,West Champaran ,Piprashi PHC,"Piprashi PHC, West Champaran "
652,West Champaran ,Ram Nagar PHC,"Ram Nagar PHC, West Champaran "
653,West Champaran ,Sikta PHC,"Sikta PHC, West Champaran "
654,West Champaran ,Thakraha PHC,"Thakraha PHC, West Champaran "
